1,C2,IMG_6285.jpg
1,C2,IMG_6286.jpg
1,C2,IMG_6289.jpg
1,C2,IMG_6292.jpg
1,C2,IMG_6295.jpg
1,C2,IMG_6296.jpg
1,C2,IMG_6297.jpg
1,C2,IMG_6298.jpg
1,C3,IMG_6302.jpg
1,C3,IMG_6306.jpg
1,C3,IMG_6308.jpg
1,C3,IMG_6309.jpg
1,C3,IMG_6311.jpg
1,C3,IMG_6313.jpg
1,C3,IMG_6314.jpg
0,C0,IMG_8828.JPG
0,C0,IMG_8830.JPG
0,C2,IMG_8834.JPG
0,C2,IMG_8837.JPG
0,C2,IMG_8842.JPG
0,C2,IMG_8844.JPG
0,C2,IMG_8845.JPG
0,C2,IMG_8847.JPG
0,C2,IMG_8848.JPG
0,C1,IMG_8850.JPG
0,C1,IMG_8852.JPG
0,C1,IMG_8853.JPG
0,C1,IMG_8854.JPG
0,C1,IMG_8856.JPG
0,C1,IMG_8858.JPG
0,C0,IMG_5696.JPG
0,C0,IMG_5697.JPG
0,C0,IMG_5698.JPG
0,C0,IMG_5699.JPG
0,C0,IMG_5700.JPG
0,C0,IMG_5701.JPG
0,C0,IMG_5702.JPG
0,C0,IMG_5703.JPG
0,C0,IMG_5705.JPG
0,C0,IMG_5707.JPG
0,C0,IMG_5708.JPG
0,C0,IMG_5710.JPG
0,C0,IMG_5711.JPG
0,C0,IMG_5712.JPG
0,C0,IMG_5717.JPG
0,C0,IMG_5718.JPG
0,C0,IMG_5720.JPG
0,C2,IMG_5722.JPG
0,C2,IMG_5724.JPG
0,C2,IMG_5725.JPG
0,C2,IMG_5727.JPG
0,C2,IMG_5730.JPG
0,C2,IMG_5731.JPG
0,C2,IMG_5732.JPG
0,C2,IMG_5733.JPG
0,C2,IMG_5734.JPG
0,C2,IMG_5737.JPG
0,C2,IMG_5739.JPG
0,C2,IMG_5740.JPG
0,C2,IMG_5742.JPG
0,C2,IMG_5744.JPG
0,C2,IMG_5745.JPG
0,C2,IMG_5746.JPG
0,C1,IMG_5765.JPG
0,C1,IMG_5766.JPG
0,C1,IMG_5767.JPG
0,C1,IMG_5768.JPG
0,C1,IMG_5769.JPG
0,C1,IMG_5770.JPG
0,C1,IMG_5771.JPG
0,C1,IMG_5772.JPG
0,C1,IMG_5774.JPG
0,C1,IMG_5775.JPG
0,C1,IMG_5776.JPG
0,C1,IMG_5778.JPG
0,C1,IMG_5780.JPG
0,C1,IMG_5781.JPG
0,C1,IMG_5782.JPG
1,C0,IMG_6248.jpg
1,C0,IMG_6250.jpg
1,C0,IMG_6251.jpg
1,C0,IMG_6252.jpg
1,C0,IMG_6253.jpg
1,C0,IMG_6257.jpg
1,C0,IMG_6258.jpg
1,C0,IMG_6259.jpg
1,C0,IMG_6260.jpg
1,C0,IMG_6262.jpg
1,C0,IMG_6263.jpg
1,C1,IMG_6266.jpg
1,C1,IMG_6272.jpg
1,C1,IMG_6275.jpg
1,C1,IMG_6278.jpg
1,C1,IMG_6281.jpg
1,C1,IMG_6282.jpg
1,C1,IMG_6284.jpg
